last_name,first_name,middle_name,phone_number,email,address,remark
Badal,Riya,,00877102457,nityagala@example.net,"53/940, Kapur, Hindupur 845030",
Varma,Hazel,,04529409427,ogulati@example.net,"658
Mangal Zila, Bhimavaram 737452",
Chana,Arhaan,,03534800460,sridharfarhan@example.net,"H.No. 857, Deshpande Road, Danapur-180126",
Choudhury,Rati,,02868992301,sethitrisha@example.net,"41/97
Bains Street, Chennai 764637",
Dube,Abram,,4053405139,shanshaan@example.net,"H.No. 010, Hari Street, Vasai-Virar 258595",VIP
Kari,Romil,,6888356198,cbhargava@example.com,"H.No. 218
Sastry Nagar
Purnia 521510",
Saha,Nitya,,0086068758,chhabramadhup@example.org,"H.No. 26, Vohra Road
Rajkot 755660",Preferred
Krishna,Tejas,,+915661606827,bumbchirag@example.net,"64/441
Divan Circle, Aurangabad-091369",
Kaur,Jhanvi,,06970087087,aaina96@example.org,"57/671
Deo Path
Bhusawal 974886",
Kari,Mamooty,,00661754059,gokulkunda@example.net,"432, Swaminathan Path, Warangal 129085",
Chawla,Shalv,,5382256478,dharmajan85@example.net,"12/43, Sane, Raebareli-494878",
Sankaran,Veer,,9740481021,vaibhavsabharwal@example.com,"80
Sunder Circle
Hapur 305400",
Guha,Lakshay,,1595951656,raghav02@example.org,"45/51, Yohannan Street
Farrukhabad 094916",New
Bose,Samiha,,08091700668,renee69@example.org,"76/798, Suresh Nagar, Amaravati 275529",
Sarma,Samiha,,+911097533876,advika93@example.net,"H.No. 242
Kannan Ganj
Ratlam 042363",
Swamy,Umang,,+914988169912,pagate@example.net,"66/10, Sibal Street, Begusarai-133248",
Buch,Abram,,02441352323,kararanbir@example.net,"H.No. 55
Loyal Ganj
Shivpuri 713430",VIP
Lal,Shaan,,06163698507,htailor@example.com,"27, Jhaveri Ganj, North Dumdum-218237",
Basu,Kimaya,,01934785075,yadavtrisha@example.net,"11/86, Bhatt Ganj
Pimpri-Chinchwad 526528",
Sur,Ivana,,+913971187261,emirchauhan@example.net,"H.No. 267
Vala Marg, Sultan Pur Majra-257801",
Hegde,Advika,,+910183396418,tushar71@example.net,"H.No. 75, Amble Circle, Gwalior-839880",
Krish,Vedika,,+913487518616,dkala@example.com,"H.No. 675, Savant Nagar, Kolkata-367096",
Devi,Kabir,,1913945905,ksolanki@example.com,"H.No. 363, Tailor Nagar
Tirunelveli 791015",
Kapur,Tanya,,+914482791330,kalitaeva@example.net,"37/81
Subramanian Road, Guwahati 332759",Regular
Kunda,Anvi,,6339408305,maniishita@example.net,"99/573, Mand Circle
Ghaziabad 583334",
Madan,Priyansh,,+919098327481,anikakashyap@example.net,"H.No. 12, Subramaniam Chowk, Bulandshahr 249376",
Choudhry,Arhaan,,09763289100,prishachaudhuri@example.org,"38/50
Krish Chowk, Etawah 729318",
Mallick,Heer,,08852556780,zkapadia@example.com,"H.No. 193, Choudhury Ganj
Jalna-553596",
Varty,Miraya,,00608832058,divijsagar@example.org,"H.No. 831, Sant
Bhiwandi-052489",Preferred
Chhabra,Drishya,,06447442919,dmaharaj@example.org,"H.No. 19
Solanki Circle
Bhimavaram 181062",
Divan,Adira,,03845013270,jcheema@example.org,"54/74
Atwal Nagar, Srinagar-871833",
Rege,Dishani,,+912827654157,bchandra@example.com,"H.No. 216
Garde Road
Gangtok 557716",
Kakar,Divij,,02504228763,xhayer@example.net,"090, Lad Zila
Ichalkaranji-282632",
Rau,Dharmajan,,6191964124,sarakuruvilla@example.com,"124
Choudhry Road, Tirunelveli-214495",Preferred
Chhabra,Rasha,,06113722472,ygole@example.org,"65/14
Gokhale Chowk, Nashik-576643",
Rout,Pihu,,5948963981,golabhavin@example.org,"63/705
Kashyap Ganj
Muzaffarpur-800384",
Deo,Abram,,1128841393,swaminathansamiha@example.org,"21
Deol Street
Varanasi-724404",VIP
Mani,Zoya,,01420979776,buchseher@example.com,"60
Batta Circle, Rampur-538580",
Kapur,Romil,,02638050553,wbrahmbhatt@example.net,"49/25
Chada Street, Bidhannagar 283072",
Setty,Parinaaz,,7995471987,nrao@example.org,"38/55, Khatri Chowk
Rohtak 270937",
Acharya,Vedika,,4914965212,hanshsampath@example.com,"083
Mahal Road, Nadiad-072642",
Kohli,Farhan,,00722088474,ramjayan@example.net,"H.No. 167
Chokshi Zila
Solapur-702367",
Issac,Reyansh,,+918958217242,navya12@example.com,"H.No. 03, Dua Circle
Belgaum-532254",
Thaker,Mannat,,5847468675,bajajkashvi@example.com,"847, Tiwari Nagar
Vadodara-339504",
Master,Umang,,+915668931602,dearnav@example.com,"11/694, Koshy Chowk, Hapur 868149",Regular
Gola,Saira,,+910999883830,gatik33@example.net,"50/25, Boase, Ballia-791403",
Dayal,Gatik,,0934426540,jgrewal@example.net,"985, Karnik Zila, Vijayanagaram 494308",New
Soni,Faiyaz,,05314674612,anahisuresh@example.net,"H.No. 646
Choudhary Road
Jamalpur-817319",
Dutta,Navya,,3781131056,wbalay@example.com,"H.No. 347, Bala Street, Bijapur-716023",
Suresh,Anaya,,+911147474772,wkapoor@example.org,"06/158, Kibe Street
Pudukkottai 276564",Regular
Kaur,Shamik,,01878230732,aloke@example.org,"H.No. 09
Chatterjee Nagar
Nagercoil 920617",VIP
Dhar,Samarth,,5172732863,neelofardevi@example.net,"H.No. 95, Sethi Circle
Junagadh-390303",
Kar,Saksham,,4184535663,neelofarjohal@example.net,"99
Krishnamurthy Path
Bidhannagar 236828",New
Lal,Reyansh,,+913941663153,bhatshlok@example.net,"90/57
Arya Street
Kolhapur-886317",
Sandal,Shayak,,5365443417,fhegde@example.net,"59/634, Sanghvi, Vasai-Virar-065608",Regular
Bath,Shanaya,,+910719703351,vedika21@example.org,"H.No. 26
Rajagopalan Circle, Khammam 596497",
Cheema,Ojas,,+917471029861,vasahansh@example.net,"25
Shan Chowk, Sagar 938902",
Bassi,Neelofar,,6347604119,reneerau@example.org,"91/91, Rajagopal Ganj, Khandwa 951686",
Sachar,Adah,,+911818456148,ziyengar@example.com,"038
Dewan Circle, Khandwa 760129",Regular
Agate,Hiran,,+910862005086,geraanvi@example.net,"56, Srivastava Ganj, Imphal-318603",VIP
Atwal,Taran,,6381867965,tarini71@example.org,"63/241, Kamdar Path
Chinsurah 582594",
Kalita,Hridaan,,+910755722112,gulatihridaan@example.com,"06/480, Bhasin Street
Giridih 156633",
Gaba,Prerak,,8251952531,reyanshgola@example.com,"79
Rao Chowk
Rajkot-503204",
Dasgupta,Hrishita,,06975351556,mannatratti@example.org,"651, Halder Nagar
Nagercoil 263469",
Bala,Bhavin,,+916983594069,ryandalia@example.com,"285
Das Ganj, Pondicherry-187501",
Kar,Vritika,,+910777135909,gmann@example.com,"H.No. 589, Sangha Road
Bhiwandi-712387",
Chand,Mahika,,06266299110,raghavrana@example.com,"H.No. 73
Kala, North Dumdum-407967",
Bail,Suhana,,01229613596,alisha58@example.com,"57, Sinha Chowk
Nagpur 272645",
Bora,Ahana,,+918134444593,navya54@example.com,"H.No. 898
Sathe Street, Sri Ganganagar 481203",
Kapadia,Inaaya,,+911935332512,obala@example.org,"886, Sem Street
Pune-598359",
Dara,Ayesha,,02906251072,veerbalay@example.net,"072, Sarin Zila
Durgapur-827663",
Bora,Emir,,1687811084,samaira97@example.net,"H.No. 134, Lad, Gulbarga-930466",
Desai,Jivin,,+911067836658,sooddarshit@example.net,"33, Khare Chowk, Morena-582011",
Jain,Pari,,4443855434,chhabralakshit@example.com,"81/50, Shan
Aligarh-396894",
Chaudhari,Faiyaz,,01690420825,iborde@example.net,"H.No. 547, Kalla
Avadi-458887",
Mangal,Neysa,,4590681217,uppalshlok@example.org,"11, Goswami Street
Bhind 351946",
Garde,Dhruv,,8279609265,godakiara@example.com,"63/725, Chakraborty Road
Salem-933496",New
Bhatnagar,Ayesha,,+918271376586,shaandada@example.com,"67/590
Wali Circle
Dehri-381565",
Zachariah,Eshani,,+917817943357,advikkarnik@example.net,"40, Brahmbhatt Ganj, Aizawl 725152",
Brahmbhatt,Tara,,05845552369,edin@example.com,"H.No. 47, Singhal Zila, Tirupati-163635",
Dar,Zoya,,05383094378,nityadora@example.com,"H.No. 20, Halder Zila, Kota-224247",VIP
Tank,Vivaan,,+916938625973,rajareyansh@example.net,"09, Wali Nagar, Navi Mumbai 223928",
Warrior,Ishaan,,+910619362373,chandajiya@example.com,"52/249
Wason Ganj
Ghaziabad-316670",
Madan,Advik,,8064738001,rbarad@example.com,"87/06
Borde Nagar, Jaunpur 693951",New
Bedi,Nehmat,,0234189202,kashvi44@example.net,"H.No. 553
Varghese Nagar, Tenali 827205",
Mani,Nishith,,1113543491,devizoya@example.net,"340, Ramakrishnan Ganj, Shahjahanpur-161747",
Singhal,Aayush,,0604003611,ztaneja@example.org,"H.No. 322, Soman Ganj, Mau-024892",
Sami,Aradhya,,01725954741,vihaanlall@example.org,"H.No. 600
Singhal Circle, Jalgaon-833504",
Jain,Rohan,,+919293499526,ayesha68@example.net,"H.No. 41
Srinivas Ganj
Hajipur 697979",Regular
Gade,Divit,,4161198544,kadakiagatik@example.org,"H.No. 606
Ghose Zila
Ongole 706793",
Gour,Ranbir,,8475371834,mbasak@example.net,"84/406, Sarma Nagar
Anantapuram 451232",Preferred
Biswas,Samaira,,04595772852,zaina56@example.net,"52/373
Chanda Street
Aurangabad-422297",
Korpal,Ivana,,+919898525939,ivanakhatri@example.net,"16/89, Dani Circle
Karimnagar-003708",Regular
Gulati,Ranbir,,04479412573,bvirk@example.com,"H.No. 967, Sami, Pondicherry-333641",
Jhaveri,Dishani,,03597437591,sehershere@example.org,"65/47
Aggarwal Marg, Bidar 841389",New
Sandhu,Kismat,,7172381534,sawhneyfaiyaz@example.net,"H.No. 623, Dubey Path, Mysore 391431",
Divan,Aniruddh,,09593611616,saira21@example.com,"H.No. 69
Sampath Ganj, Bettiah 340970",
Hegde,Seher,,7648148300,mohanlal25@example.net,"500, Dyal Road, Mumbai-606400",Preferred
Raval,Jayant,,+913219244096,yuvaansankar@example.org,"72/172
Chadha
Sultan Pur Majra 496242",
Bath,Zeeshan,,+912838008969,anika04@example.org,"H.No. 538, Arya Street, Kalyan-Dombivli 693136",
